first_name,last_name,email,phone,eir_code
Liam,Walker,liam.walker1@example.com,0898626565,UJUMFF
Emma,Hughes,emma.hughes2@example.com,0870381420,349TSN
Noah,Turner,noah.turner3@example.com,0892359809,JAPVCM
Olivia,Barnes,olivia.barnes4@example.com,0890575454,3UMUTI
Elijah,Foster,elijah.foster5@example.com,0870327402,UEQEDL
Ava,Wood,ava.wood6@example.com,0899868363,UEO8H6
William,Harrison,william.harrison7@example.com,0856045681,WVG59P
Sophia,Gibson,sophia.gibson8@example.com,0878244743,68MV29
James,Mcdonald,james.mcdonald9@example.com,0899115014,M4K9RH
Isabella,Barker,isabella.barker10@example.com,0895425622,EA5BH8
Benjamin,Murray,benjamin.murray11@example.com,0853874958,JMDIGD
Mia,Dixon,mia.dixon12@example.com,0857029831,FCAK28
Lucas,Chapman,lucas.chapman13@example.com,0852895391,Z1SKTM
Charlotte,Hunt,charlotte.hunt14@example.com,0872254900,AJJCVL
Henry,Graham,henry.graham15@example.com,0859095453,DHSWC1
Amelia,Shaw,amelia.shaw16@example.com,0895036691,4ETEMA
Alexander,Reid,alex.reid17@example.com,0851123943,4KJ5VR
Harper,Carroll,harper.carroll18@example.com,0855840807,6B2814
Michael,Watts,michael.watts19@example.com,0890524746,NVYX3G
Ella,Higgins,ella.higgins20@example.com,0873186746,FOTE0E
Ethan,Bates,ethan.bates21@example.com,0855736594,2CP86D
Aria,Black,aria.black22@example.com,0872122240,IL64XW
Daniel,Reynolds,daniel.reynolds23@example.com,0855679993,FDLTYG
Scarlett,Fuller,scarlett.fuller24@example.com,0890348710,OBH11S
Matthew,Hawkins,matthew.hawkins25@example.com,0856649862,58DI8N
Grace,Stevens,grace.stevens26@example.com,0899849575,DIT6NX
Joseph,Long,joseph.long27@example.com,0851833320,WYZVLC
Chloe,West,chloe.west28@example.com,0857248132,PFEUU9
David,Cole,david.cole29@example.com,0893334318,OBBWJU
Victoria,Hart,victoria.hart30@example.com,0893124544,RN5WFI
Samuel,Stone,samuel.stone31@example.com,0893243461,5SUW9S
Penelope,Spencer,penelope.spencer32@example.com,0854115684,BQ112Z
Logan,Hamilton,logan.hamilton33@example.com,0859545377,RC4JOY
Layla,Harvey,layla.harvey34@example.com,0892545784,I9QVZ0
Jackson,Page,jackson.page35@example.com,0898921676,39H638
Lily,Cunningham,lily.cunningham36@example.com,0853928998,I77YCR
Sebastian,Moss,sebastian.moss37@example.com,0874203241,H1TU48
Nora,Newton,nora.newton38@example.com,0856119281,QZFIO8
Aiden,Todd,aiden.todd39@example.com,0873838650,B56Z95
Zoey,Kay,zoey.kay40@example.com,0875090056,ECC3A5
Owen,Little,owen.little41@example.com,0897642130,OBBEEO
Hannah,Greer,hannah.greer42@example.com,0875070065,H2FP99
Wyatt,Thornton,wyatt.thornton43@example.com,0871781709,696UG4
Eleanor,George,eleanor.george44@example.com,0894389542,YVT5HS
John,Hardy,john.hardy45@example.com,0894844934,CDN4XL
Addison,Barrett,addison.barrett46@example.com,0893752904,2EY3E8
Luke,SCott,luke.scott47@example.com,0898056575,DP7M3B
Stella,Chambers,stella.chambers48@example.com,0871741895,BXV90R
Gabriel,Barber,gabriel.barber49@example.com,0871899465,84LXU2
Natalie,Gill,natalie.gill50@example.com,0873041733,NELKPK
Anthony,Pearson,anthony.pearson51@example.com,0894171835,FOLVEB
Leah,Goodwin,leah.goodwin52@example.com,0879952791,JIZM1I
Dylan,Holt,dylan.holt53@example.com,0896040622,E7R18E
Hazel,Glover,hazel.glover54@example.com,0859177602,ZST6M2
Andrew,Riley,andrew.riley55@example.com,0878507692,WVN7AI
Violet,Baldwin,violet.baldwin56@example.com,0874149174,Q7XIXO
Isaac,Park,isaac.park57@example.com,0870777134,GC0FHN
Aurora,Lamb,aurora.lamb58@example.com,0857098337,QVEBUP
Thomas,Hayden,thomas.hayden59@example.com,0896799250,P9CHHG
Savannah,Hooper,savannah.hooper60@example.com,0879574887,LDV550
Joshua,Horton,joshua.horton61@example.com,0859149431,H66266
Zoey,Byrne,zoey.byrne62@example.com,0893952037,HLO8KH
Charles,Chandler,charles.chandler63@example.com,0859475248,ZKSBHJ
Brooklyn,Bailey,brooklyn.bailey64@example.com,0894996035,TI7T1L
Christopher,Rowe,christopher.rowe65@example.com,0853587239,GXWP5R
Paisley,Boyle,paisley.boyle66@example.com,0854450248,9Y7J6M
Ezra,Poole,ezra.poole67@example.com,0896649470,DHZHJ3
Ellie,Bolton,ellie.bolton68@example.com,0895064798,2H7MM8
Nathan,Metcalfe,nathan.metcalfe69@example.com,0852228298,M2XW6Y
Skylar,Preston,skylar.preston70@example.com,0898618790,3FLYYW
Hunter,Kent,hunter.kent71@example.com,0894738601,KSVY1N
Lucy,Fry,lucy.fry72@example.com,0899407420,MJZG9W
Aaron,Pratt,aaron.pratt73@example.com,0855527662,6GFFRE
Sadie,Rich,sadie.rich74@example.com,0894658513,LAMP7C
Christian,Forbes,christian.forbes75@example.com,0897366936,8LKFCB
Claire,Savage,claire.savage76@example.com,0873746747,I3QB0B
Jonathan,Dickson,jonathan.dickson77@example.com,0876288977,TWT3DB
Anna,Mccormick,anna.mccormick78@example.com,0897245176,SOPG2Y
Leo,Schofield,leo.schofield79@example.com,0876443469,TI9I5J
Caroline,Coates,caroline.coates80@example.com,0890477826,V4XXYZ
Julian,Storey,julian.storey81@example.com,0899035810,Q0YSHG
Kennedy,Devine,kennedy.devine82@example.com,0899095056,0J09LW
Robert,Sharp,robert.sharp83@example.com,0854761954,D84GSC
Ruby,Stokes,ruby.stokes84@example.com,0897721889,E1RN01
Brayden,Johnston,brayden.johnston85@example.com,0878219562,LM0JYP
Alice,Hamond,alice.hamond86@example.com,0875157774,EJHWZE
Mateo,Wilcox,mateo.wilcox87@example.com,0897779776,ZKRDXN
Gabriella,Hope,gabriella.hope88@example.com,0899579765,7XAHDZ
Jack,Field,jack.field89@example.com,0895585177,DQA6S5
Sadie,Lester,sadie.lester90@example.com,0871127417,FKHOZS
Levi,Hobbs,levi.hobbs91@example.com,0853868804,JV8Y54
Serenity,Vaughan,serenity.vaughan92@example.com,0872199552,A4RUQ7
Isaiah,Collier,isaiah.collier93@example.com,0852440235,I7AZV6
Autumn,England,autumn.england94@example.com,0858384193,XV5M1B
Grayson,Blair,grayson.blair95@example.com,0856771751,HE0DH4
Quinn,Bond,quinn.bond96@example.com,0875187256,RYUJ90
Jayden,Donaldson,jayden.donaldson97@example.com,0859065015,J3UUJU
Piper,Howarth,piper.howarth98@example.com,0893366100,WD5ZYE
Caleb,Randall,caleb.randall99@example.com,0890892650,CEON7D
Riley,Hargreaves,riley.hargreaves100@example.com,0899331614,DH2E76
Maverick,Sanderson,maverick.sanderson101@example.com,0853164580,P738CI
Adeline,Roy,adeline.roy102@example.com,0852226213,JVIA45
Elias,Pollard,elias.pollard103@example.com,0896326863,OOEI1U
Delilah,Farrell,delilah.farrell104@example.com,0875644614,SNCB60
Landon,Avery,landon.avery105@example.com,0857971416,GJM9CB
Jade,Cross,jade.cross106@example.com,0858475650,BUPXUQ
Ryan,Wolf,ryan.wolf107@example.com,0896371293,OKJGFJ
Sophie,Whittaker,sophie.whittaker108@example.com,0892042903,E3H7SW
Jaxon,Craig,jaxon.craig109@example.com,0855307821,WGH4KV
Madeline,Coyle,madeline.coyle110@example.com,0875857797,AAF2L5
Roman,Jarvis,roman.jarvis111@example.com,0872911770,FC2WJR
Arianna,Whittle,arianna.whittle112@example.com,0871114906,U7VLVF
Asher,Bullock,asher.bullock113@example.com,0853899031,VUHQ26
Peyton,Downes,peyton.downes114@example.com,0898919171,BJ9JM6
Cameron,Hopewell,cameron.hopewell115@example.com,0891129443,1M0BCR
Julia,Milner,julia.milner116@example.com,0870770881,L4E8R1
Easton,Nixon,easton.nixon117@example.com,0851535214,WN45JG
Molly,Penn,molly.penn118@example.com,0892894417,9MZADB
Connor,Bettis,connor.bettis119@example.com,0852612302,JSS3ZH
Kinsley,Melrose,kinsley.melrose120@example.com,0897952108,U171B7
Jeremiah,Stanford,jeremiah.stanford121@example.com,0851309805,XJ5RFK
Cora,Radcliffe,cora.radcliffe122@example.com,0871983630,EIZYKG
Hudson,Murdoch,hudson.murdoch123@example.com,0890329669,NOB0HP
Aubrey,Kirk,aubrey.kirk124@example.com,0874099032,KSKBH6
Nicholas,Darby,nicholas.darby125@example.com,0895724394,368FFQ
Reagan,Mellor,reagan.mellor126@example.com,0850173824,R7CDOT
Evan,Roper,evan.roper127@example.com,0853066071,QQXT8S
Elena,Hayward,elena.hayward128@example.com,0878315963,6GQKCF
Adrian,Masters,adrian.masters129@example.com,0873004425,V6J46Z
Willow,Mathews,willow.mathews130@example.com,0851714852,DXM0GT
Aaron,Draper,aaron.draper131@example.com,0857225804,T9AJ4B
Naomi,Coulson,naomi.coulson132@example.com,0875723337,E1SXZ5
Ian,Briggs,ian.briggs133@example.com,0871508874,NWBP5I
Ivy,Hutton,ivy.hutton134@example.com,0891181862,7GM0BV
Jordan,Lacey,jordan.lacey135@example.com,0854901205,9LD9I2
Ariana,Mclean,ariana.mclean136@example.com,0896692071,F4VVII
Greyson,Searle,greyson.searle137@example.com,0879016665,JAPQ5R
Clara,Wilde,clara.wilde138@example.com,0859516739,0PN5BO
Cooper,Powell,cooper.powell139@example.com,0858763641,1A9FOL
Lydia,Cairns,lydia.cairns140@example.com,0875741743,N500LS
Xavier,Lyon,xavier.lyon141@example.com,0850800250,8ELOPU
Brielle,Rowlands,brielle.rowlands142@example.com,0873607977,9F6GM9
Carson,Adams,carson.adams143@example.com,0854208874,RL91DI
Genevieve,Broom,genevieve.broom144@example.com,0870322321,N91SZV
Miles,Terry,miles.terry145@example.com,0852849604,PANLRN
Jasmine,Dale,jasmine.dale146@example.com,0872006979,QFH9W6
Vincent,Rowntree,vincent.rowntree147@example.com,0893703994,743DNA
Alice,Webster,alice.webster148@example.com,0857390228,RQQ3W7
Brody,Mellors,brody.mellors149@example.com,0872382819,JCU78P
Eliza,Armstrong,eliza.armstrong150@example.com,0855394774,A91YPC
Silas,Harker,silas.harker151@example.com,0876017197,5YOS9G
Mary,Marlow,mary.marlow152@example.com,0854922327,VAM7V6
Kevin,Cowley,kevin.cowley153@example.com,0852808886,ZPWNUB
Daisy,Rowell,daisy.rowell154@example.com,0891276614,0L9FKX
Jason,Buckley,jason.buckley155@example.com,0893558969,8N768J
Hope,Drury,hope.drury156@example.com,0857112007,NDB5NN
Adam,Farrar,adam.farrar157@example.com,0850390012,G4LGM6
Juliette,Brewster,juliette.brewster158@example.com,0859642374,0ZDA7J
Tristan,Connolly,tristan.connolly159@example.com,0893704200,2GLPI9
Summer,Delaney,summer.delaney160@example.com,0879818768,WXQJIA
Brooks,Slater,brooks.slater161@example.com,0877769937,0WVMYL
Faith,Tennant,faith.tennant162@example.com,0894921335,P60C1S
Kai,Keane,kai.keane163@example.com,0850873483,1KGPM4
Valentina,Seaton,valentina.seaton164@example.com,0898547686,E0EVTD
Victor,Gilbert,victor.gilbert165@example.com,0879143676,4H96SO
Raelynn,Sadler,raelynn.sadler166@example.com,0897735118,K39OMI
Joel,Bromley,joel.bromley167@example.com,0859799491,CZ9YZA
Rylee,Archer,rylee.archer168@example.com,0871735434,1HRKOE
Mark,Grimes,mark.grimes169@example.com,0875706073,HU0G7V
Poppy,Birch,poppy.birch170@example.com,0872901203,CA6EBO
Gavin,Crane,gavin.crane171@example.com,0854007404,E9OLZW
Adalyn,Abbott,adalyn.abbott172@example.com,0895586442,G2QCR5
Zachary,Ferris,zachary.ferris173@example.com,0856547413,J1XEFD
Maeve,Eden,maeve.eden174@example.com,0893271272,ZX6ONV
Eric,Slade,eric.slade175@example.com,0851754917,PU0JBV
Margot,Ashton,margot.ashton176@example.com,0856503168,OAGKHY
Tyler,Pope,tyler.pope177@example.com,0899384027,QCXSG1
Vivian,Winter,vivian.winter178@example.com,0896255702,BDMWQX
Diego,Andrews,diego.andrews179@example.com,0897329386,LOO7Y2
Rosalie,Burrows,rosalie.burrows180@example.com,0876630335,Z9JJIM
Patrick,Barron,patrick.barron181@example.com,0878049398,NMNCX1
Thea,Griffin,thea.griffin182@example.com,0874717288,UWRBGG
Chase,Redman,chase.redman183@example.com,0897204836,BYEMND
Angela,Proctor,angela.proctor184@example.com,0898922082,0EGEXV
Bennett,Dobbins,bennett.dobbins185@example.com,0856320699,WJUIIW
Lola,Wynn,lola.wynn186@example.com,0893957034,8XZ93B
Declan,Spalding,declan.spalding187@example.com,0856583659,4S9KD6
Fiona,Huxley,fiona.huxley188@example.com,0895853654,8G3YBT
Eduardo,Newman,eduardo.newman189@example.com,0855084261,RR6T1M
Tessa,Lang,tessa.lang190@example.com,0877353371,D7BLB9
Shawn,Ricks,shawn.ricks191@example.com,0893100703,UMA4AM
Mira,Fielding,mira.fielding192@example.com,0899314982,9C09X5
Elliot,Wray,elliot.wray193@example.com,0878137450,UQK534
Camila,Warren,camila.warren194@example.com,0857346931,PAM7DH
Zane,Lowry,zane.lowry195@example.com,0878335983,I6J0P1
Helena,Knowles,helena.knowles196@example.com,0870548602,5WLPG4
Franklin,Haigh,franklin.haigh197@example.com,0897629898,OJLVJV
Phoebe,Cordell,phoebe.cordell198@example.com,0890593427,6L8N49
Colin,Nairn,colin.nairn199@example.com,0896221550,R8LOSS
Rebecca,Hume,rebecca.hume200@example.com,0853584905,OHBSSH
